1.047198,-2.094395,0.000000,0.000000,0.000000,-0.000000,1.000000
1.047204,-2.094431,0.013007,-0.071745,-0.053050,0.337044,0.611421
1.047239,-2.094525,0.057653,-0.117038,-0.254293,0.521910,3.547335
1.047310,-2.094663,0.083819,-0.157972,-0.366189,0.688308,4.475440
1.047404,-2.094840,0.103865,-0.195750,-0.449300,0.841878,5.467095
1.047517,-2.095053,0.122502,-0.230869,-0.526805,0.984816,6.467039
1.047648,-2.095300,0.139825,-0.263512,-0.599055,1.117781,7.397964
1.047796,-2.095579,0.155927,-0.293850,-0.666377,1.241393,8.264142
1.047960,-2.095887,0.170892,-0.322044,-0.729084,1.356238,9.069597
1.048137,-2.096222,0.184801,-0.348245,-0.787467,1.462866,9.818122
1.048329,-2.096582,0.197728,-0.372595,-0.841802,1.561795,10.513293
1.048532,-2.096966,0.209745,-0.395226,-0.892347,1.653515,11.158477
1.048748,-2.097372,0.220918,-0.416263,-0.939346,1.738484,11.756846
1.048974,-2.097798,0.231307,-0.435822,-0.983029,1.817134,12.311385
1.049210,-2.098243,0.240971,-0.454013,-1.023610,1.889872,12.824902
1.049455,-2.098706,0.249964,-0.470937,-1.061292,1.957079,13.300039
1.049710,-2.099184,0.258337,-0.486690,-1.096265,2.019114,13.739280
1.049972,-2.099678,0.266137,-0.501362,-1.128708,2.076315,14.144961
1.050242,-2.100187,0.273408,-0.515036,-1.158788,2.128997,14.519276
1.050518,-2.100708,0.280192,-0.527790,-1.186664,2.177459,14.864288
1.050802,-2.101242,0.286527,-0.539696,-1.212483,2.221981,15.181933
1.051091,-2.101787,0.292450,-0.550824,-1.236384,2.262823,15.474030
1.051387,-2.102343,0.297994,-0.561236,-1.258497,2.300233,15.742287
1.051687,-2.102909,0.303190,-0.570992,-1.278945,2.334440,15.988305
1.051993,-2.103485,0.308067,-0.580146,-1.297843,2.365663,16.213590
1.052303,-2.104069,0.312654,-0.588751,-1.315298,2.394104,16.419552
1.052618,-2.104662,0.316975,-0.596855,-1.331411,2.419953,16.607514
1.052937,-2.105263,0.321054,-0.604501,-1.346277,2.443390,16.778718
1.053260,-2.105871,0.324913,-0.611732,-1.359984,2.464582,16.934328
1.053587,-2.106486,0.328573,-0.618586,-1.372616,2.483686,17.075434
1.053917,-2.107108,0.332052,-0.625098,-1.384251,2.500850,17.203058
1.054251,-2.107736,0.335369,-0.631304,-1.394961,2.516210,17.318158
1.054588,-2.108370,0.338539,-0.637232,-1.404815,2.529896,17.421632
1.054928,-2.109010,0.341577,-0.642912,-1.413877,2.542030,17.514320
1.055271,-2.109656,0.344499,-0.648371,-1.422208,2.552723,17.597009
1.055617,-2.110307,0.347317,-0.653632,-1.429862,2.562084,17.670435
1.055965,-2.110963,0.350042,-0.658720,-1.436893,2.570209,17.735288
1.056317,-2.111624,0.352687,-0.663655,-1.443351,2.577193,17.792213
1.056671,-2.112290,0.355262,-0.668456,-1.449280,2.583122,17.841814
1.057027,-2.112961,0.357775,-0.673141,-1.454724,2.588078,17.884655
1.057386,-2.113637,0.360236,-0.677727,-1.459723,2.592136,17.921264
1.057748,-2.114317,0.362654,-0.682229,-1.464315,2.595367,17.952133
1.058111,-2.115001,0.365034,-0.686661,-1.468535,2.597838,17.977725
1.058478,-2.115690,0.367385,-0.691036,-1.472416,2.599610,17.998470
1.058846,-2.116383,0.369712,-0.695365,-1.475988,2.600742,18.014769
1.059217,-2.117081,0.372021,-0.699660,-1.479280,2.601287,18.026999
1.059590,-2.117782,0.374317,-0.703930,-1.482319,2.601296,18.035510
1.059966,-2.118488,0.376606,-0.708184,-1.485130,2.600816,18.040629
1.060343,-2.119199,0.378891,-0.712430,-1.487735,2.599890,18.042660
1.060724,-2.119913,0.381176,-0.716676,-1.490157,2.598560,18.041888
1.061106,-2.120632,0.383465,-0.720929,-1.492416,2.596864,18.038579
1.061490,-2.121355,0.385762,-0.725193,-1.494531,2.594836,18.032978
1.061877,-2.122082,0.388068,-0.729476,-1.496519,2.592511,18.025316
1.062267,-2.122814,0.390387,-0.733781,-1.498396,2.589919,18.015806
1.062658,-2.123550,0.392721,-0.738113,-1.500177,2.587088,18.004647
1.063052,-2.124290,0.395071,-0.742475,-1.501878,2.584045,17.992024
1.063448,-2.125035,0.397441,-0.746872,-1.503510,2.580815,17.978109
1.063847,-2.125784,0.399831,-0.751306,-1.505086,2.577420,17.963060
1.064248,-2.126538,0.402242,-0.755779,-1.506617,2.573882,17.947028
1.064651,-2.127296,0.404676,-0.760295,-1.508114,2.570220,17.930147
1.065057,-2.128058,0.407135,-0.764853,-1.509586,2.566454,17.912546
1.065466,-2.128825,0.409617,-0.769457,-1.511043,2.562598,17.894342
1.065877,-2.129597,0.412126,-0.774108,-1.512492,2.558670,17.875644
1.066290,-2.130374,0.414660,-0.778806,-1.513941,2.554684,17.856553
1.066706,-2.131155,0.417220,-0.783551,-1.515398,2.550653,17.837161
1.067124,-2.131941,0.419807,-0.788346,-1.516868,2.546589,17.817555
1.067546,-2.132732,0.422421,-0.793189,-1.518358,2.542503,17.797813
1.067969,-2.133527,0.425061,-0.798082,-1.519874,2.538406,17.778007
1.068396,-2.134328,0.427729,-0.803023,-1.521420,2.534308,17.758206
1.068825,-2.135133,0.430423,-0.808014,-1.523001,2.530216,17.738469
1.069257,-2.135944,0.433143,-0.813052,-1.524621,2.526140,17.718853
1.069691,-2.136759,0.435890,-0.818139,-1.526285,2.522087,17.699410
1.070128,-2.137580,0.438663,-0.823273,-1.527995,2.518062,17.680186
1.070568,-2.138406,0.441462,-0.828453,-1.529755,2.514073,17.661224
1.071011,-2.139237,0.444285,-0.833679,-1.531568,2.510125,17.642563
1.071457,-2.140073,0.447134,-0.838949,-1.533437,2.506222,17.624238
1.071906,-2.140915,0.450006,-0.844264,-1.535363,2.502369,17.606280
1.072357,-2.141762,0.452902,-0.849620,-1.537350,2.498571,17.588719
1.072811,-2.142614,0.455821,-0.855019,-1.539399,2.494831,17.571581
1.073269,-2.143472,0.458762,-0.860457,-1.541512,2.491152,17.554887
1.073729,-2.144335,0.461725,-0.865935,-1.543689,2.487536,17.538660
1.074192,-2.145204,0.464709,-0.871450,-1.545934,2.483988,17.522917
1.074658,-2.146078,0.467713,-0.877001,-1.548246,2.480508,17.507673
1.075128,-2.146958,0.470737,-0.882588,-1.550627,2.477098,17.492944
1.075600,-2.147843,0.473780,-0.888207,-1.553078,2.473761,17.478741
1.076075,-2.148734,0.476840,-0.893859,-1.555600,2.470498,17.465075
1.076553,-2.149631,0.479918,-0.899541,-1.558193,2.467310,17.451953
1.077035,-2.150533,0.483012,-0.905252,-1.560857,2.464197,17.439385
1.077520,-2.151441,0.486122,-0.910991,-1.563593,2.461161,17.427375
1.078007,-2.152355,0.489247,-0.916756,-1.566402,2.458203,17.415928
1.078498,-2.153275,0.492387,-0.922545,-1.569283,2.455322,17.405047
1.078992,-2.154200,0.495539,-0.928357,-1.572237,2.452519,17.394736
1.079489,-2.155132,0.498704,-0.934191,-1.575264,2.449794,17.384995
1.079989,-2.156069,0.501881,-0.940044,-1.578364,2.447146,17.375825
1.080493,-2.157012,0.505068,-0.945916,-1.581536,2.444577,17.367225
1.081000,-2.157961,0.508266,-0.951805,-1.584781,2.442085,17.359195
1.081509,-2.158915,0.511473,-0.957709,-1.588098,2.439671,17.351733
1.082022,-2.159876,0.514689,-0.963627,-1.591488,2.437333,17.344835
1.082539,-2.160843,0.517912,-0.969557,-1.594949,2.435072,17.338500
1.083058,-2.161815,0.521143,-0.975498,-1.598482,2.432886,17.332724
1.083581,-2.162794,0.524379,-0.981448,-1.602087,2.430775,17.327503
1.084107,-2.163778,0.527621,-0.987406,-1.605762,2.428739,17.322831
1.084636,-2.164769,0.530868,-0.993371,-1.609507,2.426776,17.318705
1.085169,-2.165765,0.534119,-0.999340,-1.613323,2.424885,17.315119
1.085705,-2.166767,0.537373,-1.005314,-1.617208,2.423067,17.312067
1.086244,-2.167775,0.540629,-1.011289,-1.621162,2.421319,17.309545
1.086786,-2.168790,0.543887,-1.017265,-1.625185,2.419641,17.307545
1.087331,-2.169810,0.547146,-1.023241,-1.629275,2.418032,17.306062
1.087880,-2.170836,0.550405,-1.029215,-1.633433,2.416491,17.305088
1.088432,-2.171868,0.553664,-1.035186,-1.637658,2.415017,17.304619
1.088987,-2.172907,0.556922,-1.041152,-1.641950,2.413608,17.304646
1.089546,-2.173951,0.560179,-1.047112,-1.646307,2.412265,17.305163
1.090108,-2.175001,0.563433,-1.053066,-1.650729,2.410985,17.306163
1.090673,-2.176057,0.566683,-1.059011,-1.655216,2.409767,17.307639
1.091241,-2.177119,0.569931,-1.064946,-1.659767,2.408611,17.309583
1.091813,-2.178187,0.573173,-1.070871,-1.664381,2.407515,17.311990
1.092388,-2.179261,0.576411,-1.076784,-1.669058,2.406479,17.314850
1.092966,-2.180340,0.579644,-1.082683,-1.673797,2.405500,17.318158
1.093547,-2.181426,0.582870,-1.088569,-1.678598,2.404579,17.321906
1.094131,-2.182517,0.586089,-1.094439,-1.683459,2.403713,17.326087
1.094719,-2.183615,0.589301,-1.100293,-1.688381,2.402902,17.330694
1.095310,-2.184718,0.592506,-1.106129,-1.693363,2.402145,17.335719
1.095904,-2.185827,0.595701,-1.111946,-1.698404,2.401440,17.341156
1.096501,-2.186942,0.598888,-1.117744,-1.703504,2.400787,17.346996
1.097102,-2.188063,0.602065,-1.123522,-1.708661,2.400183,17.353235
1.097705,-2.189189,0.605233,-1.129277,-1.713876,2.399630,17.359863
1.098312,-2.190321,0.608389,-1.135010,-1.719148,2.399124,17.366875
1.098922,-2.191459,0.611535,-1.140720,-1.724476,2.398665,17.374263
1.099535,-2.192603,0.614669,-1.146405,-1.729859,2.398252,17.382021
1.100151,-2.193752,0.617791,-1.152064,-1.735298,2.397885,17.390142
1.100771,-2.194907,0.620900,-1.157697,-1.740791,2.397561,17.398619
1.101393,-2.196067,0.623997,-1.163303,-1.746338,2.397280,17.407446
1.102019,-2.197233,0.627080,-1.168881,-1.751939,2.397041,17.416616
1.102647,-2.198405,0.630149,-1.174430,-1.757592,2.396843,17.426123
1.103279,-2.199582,0.633204,-1.179949,-1.763297,2.396685,17.435961
1.103914,-2.200765,0.636244,-1.185437,-1.769055,2.396566,17.446123
1.104552,-2.201953,0.639268,-1.190894,-1.774863,2.396485,17.456604
1.105192,-2.203147,0.642278,-1.196319,-1.780722,2.396441,17.467396
1.105836,-2.204346,0.645271,-1.201711,-1.786631,2.396433,17.478495
1.106483,-2.205550,0.648248,-1.207069,-1.792590,2.396460,17.489894
1.107133,-2.206760,0.651208,-1.212393,-1.798598,2.396522,17.501588
1.107785,-2.207975,0.654151,-1.217681,-1.804655,2.396617,17.513571
1.108441,-2.209195,0.657076,-1.222934,-1.810760,2.396744,17.525837
1.109099,-2.210421,0.659984,-1.228151,-1.816912,2.396904,17.538381
1.109761,-2.211651,0.662873,-1.233330,-1.823112,2.397094,17.551198
1.110425,-2.212887,0.665744,-1.238471,-1.829358,2.397314,17.564282
1.111092,-2.214128,0.668596,-1.243574,-1.835650,2.397563,17.577628
1.111762,-2.215374,0.671428,-1.248638,-1.841989,2.397841,17.591231
1.112435,-2.216625,0.674242,-1.253662,-1.848372,2.398146,17.605085
1.113111,-2.217882,0.677035,-1.258646,-1.854800,2.398478,17.619187
1.113789,-2.219143,0.679808,-1.263589,-1.861273,2.398836,17.633530
1.114470,-2.220409,0.682560,-1.268491,-1.867789,2.399220,17.648111
1.115154,-2.221680,0.685292,-1.273351,-1.874350,2.399628,17.662925
1.115841,-2.222955,0.688003,-1.278168,-1.880953,2.400059,17.677967
1.116530,-2.224236,0.690692,-1.282942,-1.887598,2.400514,17.693232
1.117222,-2.225521,0.693360,-1.287673,-1.894286,2.400991,17.708717
1.117917,-2.226811,0.696006,-1.292360,-1.901016,2.401490,17.724416
1.118614,-2.228106,0.698630,-1.297002,-1.907787,2.402011,17.740326
1.119314,-2.229405,0.701231,-1.301599,-1.914600,2.402551,17.756442
1.120017,-2.230709,0.703810,-1.306151,-1.921452,2.403111,17.772760
1.120722,-2.232018,0.706366,-1.310656,-1.928345,2.403690,17.789277
1.121430,-2.233331,0.708898,-1.315116,-1.935278,2.404288,17.805988
1.122140,-2.234648,0.711408,-1.319528,-1.942250,2.404904,17.822890
1.122852,-2.235970,0.713893,-1.323894,-1.949261,2.405536,17.839978
1.123568,-2.237296,0.716355,-1.328212,-1.956311,2.406186,17.857249
1.124285,-2.238626,0.718793,-1.332481,-1.963399,2.406851,17.874699
1.125005,-2.239961,0.721207,-1.336703,-1.970525,2.407532,17.892325
1.125727,-2.241299,0.723596,-1.340875,-1.977689,2.408228,17.910123
1.126452,-2.242642,0.725961,-1.344999,-1.984889,2.408938,17.928089
1.127179,-2.243989,0.728301,-1.349073,-1.992127,2.409662,17.946221
1.127909,-2.245340,0.730615,-1.353097,-1.999401,2.410399,17.964514
1.128641,-2.246695,0.732905,-1.357070,-2.006711,2.411149,17.982967
1.129375,-2.248054,0.735169,-1.360994,-2.014057,2.411911,18.001574
1.130111,-2.249417,0.737408,-1.364866,-2.021438,2.412685,18.020334
1.130849,-2.250784,0.739620,-1.368687,-2.028854,2.413470,18.039243
1.131590,-2.252155,0.741807,-1.372457,-2.036305,2.414266,18.058298
1.132333,-2.253529,0.743968,-1.376175,-2.043790,2.415072,18.077496
1.133078,-2.254907,0.746103,-1.379841,-2.051309,2.415888,18.096834
1.133825,-2.256289,0.748211,-1.383454,-2.058862,2.416713,18.116310
1.134574,-2.257674,0.750293,-1.387015,-2.066448,2.417547,18.135920
1.135326,-2.259063,0.752348,-1.390523,-2.074067,2.418389,18.155661
1.136079,-2.260455,0.754376,-1.393978,-2.081719,2.419239,18.175531
1.136835,-2.261851,0.756377,-1.397380,-2.089404,2.420097,18.195528
1.137592,-2.263250,0.758351,-1.400728,-2.097120,2.420962,18.215647
1.138351,-2.264652,0.760297,-1.404022,-2.104868,2.421833,18.235888
1.139112,-2.266058,0.762217,-1.407262,-2.112647,2.422711,18.256247
1.139876,-2.267467,0.764109,-1.410447,-2.120458,2.423594,18.276722
1.140641,-2.268879,0.765973,-1.413578,-2.128299,2.424483,18.297310
1.141408,-2.270294,0.767809,-1.416654,-2.136171,2.425377,18.318009
1.142176,-2.271712,0.769618,-1.419676,-2.144072,2.426276,18.338817
1.142947,-2.273133,0.771398,-1.422642,-2.152004,2.427179,18.359730
1.143719,-2.274557,0.773151,-1.425553,-2.159965,2.428086,18.380747
1.144493,-2.275984,0.774875,-1.428408,-2.167955,2.428996,18.401866
1.145269,-2.277414,0.776571,-1.431208,-2.175974,2.429910,18.423084
1.146046,-2.278847,0.778238,-1.433952,-2.184021,2.430826,18.444399
1.146825,-2.280282,0.779877,-1.436639,-2.192097,2.431745,18.465808
1.147606,-2.281720,0.781487,-1.439271,-2.200200,2.432666,18.487311
1.148388,-2.283160,0.783069,-1.441846,-2.208331,2.433588,18.508903
1.149172,-2.284603,0.784622,-1.444365,-2.216490,2.434512,18.530584
1.149957,-2.286049,0.786146,-1.446827,-2.224675,2.435438,18.552351
1.150744,-2.287497,0.787641,-1.449233,-2.232887,2.436364,18.574203
1.151533,-2.288947,0.789107,-1.451581,-2.241125,2.437290,18.596137
1.152323,-2.290400,0.790543,-1.453873,-2.249390,2.438217,18.618150
1.153114,-2.291855,0.791951,-1.456107,-2.257679,2.439143,18.640243
1.153906,-2.293312,0.793329,-1.458284,-2.265995,2.440069,18.662411
1.154700,-2.294772,0.794678,-1.460404,-2.274335,2.440994,18.684654
1.155496,-2.296233,0.795997,-1.462466,-2.282700,2.441919,18.706969
1.156292,-2.297697,0.797287,-1.464471,-2.291090,2.442841,18.729355
1.157090,-2.299162,0.798547,-1.466418,-2.299503,2.443763,18.751810
1.157890,-2.300629,0.799778,-1.468307,-2.307941,2.444682,18.774332
1.158690,-2.302099,0.800979,-1.470139,-2.316402,2.445599,18.796918
1.159491,-2.303570,0.802150,-1.471913,-2.324886,2.446514,18.819569
1.160294,-2.305042,0.803291,-1.473628,-2.333393,2.447426,18.842280
1.161098,-2.306517,0.804402,-1.475286,-2.341922,2.448335,18.865052
1.161903,-2.307993,0.805484,-1.476885,-2.350474,2.449240,18.887882
1.162709,-2.309471,0.806535,-1.478426,-2.359047,2.450142,18.910768
1.163516,-2.310950,0.807557,-1.479909,-2.367642,2.451041,18.933709
1.164324,-2.312430,0.808548,-1.481334,-2.376259,2.451935,18.956703
1.165133,-2.313912,0.809509,-1.482700,-2.384896,2.452825,18.979748
1.165943,-2.315396,0.810440,-1.484008,-2.393553,2.453711,19.002844
1.166754,-2.316880,0.811341,-1.485257,-2.402231,2.454592,19.025987
1.167566,-2.318366,0.812211,-1.486448,-2.410929,2.455468,19.049177
1.168378,-2.319853,0.813051,-1.487581,-2.419647,2.456338,19.072412
1.169192,-2.321341,0.813861,-1.488654,-2.428383,2.457204,19.095690
1.170006,-2.322831,0.814640,-1.489670,-2.437139,2.458063,19.119010
1.170821,-2.324321,0.815389,-1.490626,-2.445913,2.458917,19.142370
1.171637,-2.325812,0.816108,-1.491524,-2.454705,2.459765,19.165769
1.172453,-2.327304,0.816796,-1.492363,-2.463516,2.460607,19.189205
1.173270,-2.328797,0.817453,-1.493144,-2.472343,2.461441,19.212677
1.174088,-2.330290,0.818080,-1.493866,-2.481188,2.462270,19.236182
1.174907,-2.331784,0.818676,-1.494529,-2.490050,2.463091,19.259721
1.175726,-2.333279,0.819242,-1.495134,-2.498928,2.463905,19.283291
1.176545,-2.334774,0.819777,-1.495680,-2.507823,2.464712,19.306890
1.177365,-2.336270,0.820281,-1.496167,-2.516733,2.465512,19.330518
1.178186,-2.337767,0.820755,-1.496595,-2.525659,2.466304,19.354173
1.179007,-2.339264,0.821198,-1.496965,-2.534600,2.467088,19.377852
1.179828,-2.340761,0.821610,-1.497277,-2.543555,2.467864,19.401556
1.180650,-2.342258,0.821992,-1.497529,-2.552525,2.468632,19.425283
1.181472,-2.343756,0.822342,-1.497723,-2.561509,2.469391,19.449030
1.182294,-2.345253,0.822662,-1.497858,-2.570506,2.470142,19.472798
1.183117,-2.346751,0.822952,-1.497935,-2.579517,2.470884,19.496583
1.183940,-2.348249,0.823210,-1.497953,-2.588541,2.471617,19.520386
1.184764,-2.349747,0.823212,-1.497907,-2.596440,2.472312,19.536920
1.185586,-2.351245,0.822126,-1.497782,-2.598985,2.472894,19.523256
1.186407,-2.352743,0.820317,-1.497624,-2.597923,2.473592,19.506230
1.187227,-2.354240,0.818047,-1.497462,-2.594501,2.474555,19.488317
1.188043,-2.355738,0.815499,-1.497313,-2.589601,2.475872,19.471168
1.188858,-2.357235,0.812801,-1.497185,-2.583843,2.477597,19.455851
1.189669,-2.358732,0.810040,-1.497082,-2.577659,2.479750,19.443016
1.190478,-2.360229,0.807275,-1.497003,-2.571340,2.482338,19.433025
1.191284,-2.361726,0.804545,-1.496945,-2.565084,2.485351,19.426036
1.192087,-2.363223,0.801873,-1.496903,-2.559015,2.488773,19.422074
1.192887,-2.364720,0.799273,-1.496872,-2.553212,2.492583,19.421070
1.193685,-2.366217,0.796751,-1.496845,-2.547715,2.496757,19.422902
1.194481,-2.367714,0.794309,-1.496816,-2.542545,2.501270,19.427408
1.195274,-2.369210,0.791946,-1.496779,-2.537704,2.506096,19.434411
1.196065,-2.370707,0.789657,-1.496730,-2.533184,2.511210,19.443725
1.196853,-2.372204,0.787438,-1.496661,-2.528969,2.516590,19.455165
1.197640,-2.373700,0.785283,-1.496568,-2.525043,2.522212,19.468549
1.198424,-2.375197,0.783186,-1.496446,-2.521382,2.528055,19.483704
1.199206,-2.376693,0.781141,-1.496291,-2.517966,2.534100,19.500467
1.199986,-2.378190,0.779143,-1.496099,-2.514774,2.540329,19.518686
1.200764,-2.379686,0.777185,-1.495866,-2.511783,2.546724,19.538218
1.201541,-2.381181,0.775263,-1.495589,-2.508973,2.553271,19.558933
1.202315,-2.382677,0.773371,-1.495265,-2.506327,2.559955,19.580710
1.203087,-2.384172,0.771505,-1.494892,-2.503826,2.566763,19.603441
1.203858,-2.385666,0.769661,-1.494466,-2.501453,2.573684,19.627023
1.204627,-2.387161,0.767834,-1.493986,-2.499195,2.580707,19.651365
1.205394,-2.388654,0.766022,-1.493451,-2.497036,2.587821,19.676384
1.206159,-2.390148,0.764220,-1.492857,-2.494965,2.595019,19.702004
1.206922,-2.391640,0.762427,-1.492205,-2.492970,2.602291,19.728156
1.207684,-2.393132,0.760638,-1.491491,-2.491041,2.609630,19.754776
1.208443,-2.394623,0.758853,-1.490717,-2.489168,2.617030,19.781809
1.209201,-2.396113,0.757067,-1.489879,-2.487343,2.624484,19.809202
1.209957,-2.397603,0.755281,-1.488979,-2.485559,2.631986,19.836910
1.210712,-2.399091,0.753491,-1.488013,-2.483808,2.639532,19.864889
1.211464,-2.400579,0.751696,-1.486983,-2.482085,2.647116,19.893101
1.212215,-2.402065,0.749894,-1.485888,-2.480383,2.654735,19.921512
1.212964,-2.403550,0.748085,-1.484727,-2.478698,2.662383,19.950089
1.213711,-2.405035,0.746267,-1.483499,-2.477026,2.670059,19.978805
1.214457,-2.406517,0.744438,-1.482205,-2.475361,2.677758,20.007634
1.215200,-2.407999,0.742599,-1.480844,-2.473702,2.685477,20.036552
1.215942,-2.409479,0.740747,-1.479415,-2.472044,2.693214,20.065538
1.216682,-2.410958,0.738883,-1.477920,-2.470384,2.700966,20.094574
1.217420,-2.412435,0.737005,-1.476358,-2.468721,2.708730,20.123642
1.218156,-2.413910,0.735113,-1.474728,-2.467052,2.716506,20.152726
1.218890,-2.415384,0.733206,-1.473031,-2.465375,2.724290,20.181812
1.219622,-2.416856,0.731284,-1.471267,-2.463688,2.732080,20.210888
1.220352,-2.418327,0.729347,-1.469436,-2.461989,2.739876,20.239942
1.221081,-2.419795,0.727393,-1.467537,-2.460278,2.747676,20.268963
1.221807,-2.421262,0.725422,-1.465572,-2.458554,2.755477,20.297943
1.222532,-2.422726,0.723435,-1.463540,-2.456814,2.763280,20.326873
1.223254,-2.424189,0.721431,-1.461441,-2.455059,2.771082,20.355746
1.223975,-2.425649,0.719409,-1.459276,-2.453287,2.778883,20.384554
1.224693,-2.427107,0.717370,-1.457045,-2.451498,2.786681,20.413292
1.225409,-2.428563,0.715312,-1.454748,-2.449692,2.794476,20.441953
1.226124,-2.430017,0.713237,-1.452385,-2.447867,2.802267,20.470534
1.226836,-2.431468,0.711144,-1.449956,-2.446024,2.810052,20.499030
1.227546,-2.432917,0.709032,-1.447462,-2.444163,2.817832,20.527436
1.228254,-2.434363,0.706902,-1.444904,-2.442283,2.825604,20.555749
1.228960,-2.435807,0.704753,-1.442280,-2.440384,2.833369,20.583966
1.229663,-2.437248,0.702586,-1.439592,-2.438466,2.841127,20.612084
1.230365,-2.438686,0.700399,-1.436840,-2.436529,2.848875,20.640101
1.231064,-2.440121,0.698195,-1.434024,-2.434573,2.856615,20.668014
1.231761,-2.441554,0.695971,-1.431144,-2.432598,2.864344,20.695822
1.232456,-2.442983,0.693729,-1.428201,-2.430605,2.872063,20.723522
1.233149,-2.444410,0.691467,-1.425195,-2.428592,2.879772,20.751114
1.233839,-2.445834,0.689187,-1.422126,-2.426562,2.887469,20.778595
1.234527,-2.447254,0.686888,-1.418995,-2.424513,2.895154,20.805965
1.235213,-2.448672,0.684570,-1.415802,-2.422445,2.902827,20.833222
1.235896,-2.450086,0.682234,-1.412547,-2.420361,2.910488,20.860366
1.236577,-2.451497,0.679878,-1.409231,-2.418258,2.918136,20.887395
1.237256,-2.452904,0.677503,-1.405853,-2.416138,2.925770,20.914310
1.237932,-2.454308,0.675110,-1.402415,-2.414002,2.933390,20.941110
1.238606,-2.455709,0.672698,-1.398916,-2.411848,2.940997,20.967793
1.239278,-2.457106,0.670267,-1.395357,-2.409678,2.948589,20.994360
1.239947,-2.458500,0.667817,-1.391738,-2.407493,2.956166,21.020810
1.240613,-2.459890,0.665349,-1.388060,-2.405291,2.963728,21.047143
1.241277,-2.461276,0.662862,-1.384322,-2.403074,2.971274,21.073359
1.241939,-2.462658,0.660356,-1.380526,-2.400843,2.978805,21.099458
1.242598,-2.464037,0.657832,-1.376671,-2.398596,2.986320,21.125438
1.243255,-2.465412,0.655289,-1.372757,-2.396336,2.993818,21.151301
1.243909,-2.466782,0.652728,-1.368786,-2.394061,3.001299,21.177046
1.244560,-2.468149,0.650149,-1.364757,-2.391773,3.008764,21.202674
1.245209,-2.469512,0.647551,-1.360671,-2.389472,3.016211,21.228183
1.245855,-2.470870,0.644934,-1.356527,-2.387158,3.023640,21.253574
1.246499,-2.472225,0.642300,-1.352327,-2.384832,3.031052,21.278847
1.247140,-2.473575,0.639647,-1.348071,-2.382493,3.038445,21.304001
1.247778,-2.474921,0.636976,-1.343758,-2.380144,3.045820,21.329038
1.248414,-2.476263,0.634287,-1.339390,-2.377783,3.053176,21.353957
1.249047,-2.477600,0.631580,-1.334966,-2.375411,3.060512,21.378758
1.249677,-2.478933,0.628856,-1.330487,-2.373028,3.067830,21.403440
1.250304,-2.480261,0.626113,-1.325953,-2.370636,3.075128,21.428005
1.250929,-2.481584,0.623353,-1.321365,-2.368234,3.082406,21.452452
1.251551,-2.482903,0.620574,-1.316722,-2.365822,3.089663,21.476781
1.252170,-2.484218,0.617779,-1.312025,-2.363402,3.096901,21.500991
1.252787,-2.485527,0.614965,-1.307275,-2.360973,3.104117,21.525084
1.253400,-2.486832,0.612134,-1.302472,-2.358536,3.111312,21.549059
1.254011,-2.488132,0.609286,-1.297615,-2.356092,3.118486,21.572916
1.254619,-2.489428,0.606420,-1.292706,-2.353639,3.125639,21.596655
1.255224,-2.490718,0.603537,-1.287744,-2.351180,3.132769,21.620276
1.255826,-2.492003,0.600637,-1.282731,-2.348715,3.139877,21.643779
1.256425,-2.493283,0.597720,-1.277665,-2.346243,3.146963,21.667164
1.257021,-2.494558,0.594785,-1.272548,-2.343765,3.154026,21.690431
1.257614,-2.495828,0.591834,-1.267380,-2.341281,3.161066,21.713580
1.258205,-2.497093,0.588866,-1.262161,-2.338793,3.168083,21.736611
1.258792,-2.498353,0.585880,-1.256891,-2.336299,3.175076,21.759524
1.259377,-2.499607,0.582879,-1.251571,-2.333801,3.182045,21.782318
1.259958,-2.500856,0.579860,-1.246201,-2.331300,3.188990,21.804994
1.260536,-2.502099,0.576825,-1.240781,-2.328794,3.195910,21.827551
1.261112,-2.503337,0.573774,-1.235312,-2.326285,3.202806,21.849990
1.261684,-2.504570,0.570706,-1.229793,-2.323773,3.209677,21.872310
1.262253,-2.505797,0.567621,-1.224226,-2.321258,3.216523,21.894511
1.262819,-2.507018,0.564521,-1.218610,-2.318742,3.223342,21.916594
1.263382,-2.508234,0.561404,-1.212946,-2.316223,3.230136,21.938557
1.263942,-2.509444,0.558272,-1.207234,-2.313702,3.236904,21.960401
1.264499,-2.510648,0.555123,-1.201475,-2.311181,3.243646,21.982125
1.265052,-2.511847,0.551958,-1.195668,-2.308658,3.250360,22.003730
1.265602,-2.513040,0.548778,-1.189813,-2.306135,3.257048,22.025215
1.266150,-2.514227,0.545582,-1.183913,-2.303612,3.263709,22.046580
1.266694,-2.515408,0.542370,-1.177965,-2.301089,3.270341,22.067825
1.267234,-2.516583,0.539143,-1.171972,-2.298566,3.276946,22.088950
1.267772,-2.517751,0.535900,-1.165932,-2.296044,3.283523,22.109954
1.268306,-2.518914,0.532642,-1.159847,-2.293523,3.290071,22.130837
1.268837,-2.520071,0.529369,-1.153717,-2.291003,3.296591,22.151599
1.269365,-2.521222,0.526080,-1.147541,-2.288486,3.303081,22.172240
1.269889,-2.522366,0.522777,-1.141321,-2.285970,3.309543,22.192759
1.270410,-2.523504,0.519458,-1.135057,-2.283457,3.315974,22.213156
1.270928,-2.524636,0.516125,-1.128748,-2.280946,3.322376,22.233432
1.271443,-2.525762,0.512776,-1.122395,-2.278439,3.328748,22.253584
1.271954,-2.526881,0.509413,-1.115999,-2.275934,3.335089,22.273614
1.272461,-2.527994,0.506036,-1.109560,-2.273434,3.341399,22.293522
1.272966,-2.529100,0.502644,-1.103077,-2.270937,3.347678,22.313306
1.273467,-2.530200,0.499237,-1.096552,-2.268445,3.353926,22.332966
1.273964,-2.531293,0.495816,-1.089984,-2.265957,3.360143,22.352502
1.274458,-2.532380,0.492381,-1.083375,-2.263475,3.366327,22.371915
1.274949,-2.533460,0.488932,-1.076723,-2.260997,3.372480,22.391203
1.275436,-2.534533,0.485469,-1.070030,-2.258525,3.378599,22.410365
1.275920,-2.535600,0.481992,-1.063296,-2.256059,3.384687,22.429403
1.276400,-2.536660,0.478501,-1.056521,-2.253599,3.390741,22.448315
1.276877,-2.537713,0.474997,-1.049705,-2.251145,3.396761,22.467102
1.277350,-2.538759,0.471478,-1.042849,-2.248698,3.402749,22.485762
1.277820,-2.539799,0.467947,-1.035953,-2.246257,3.408702,22.504295
1.278286,-2.540831,0.464402,-1.029017,-2.243825,3.414621,22.522702
1.278749,-2.541857,0.460843,-1.022041,-2.241399,3.420506,22.540981
1.279208,-2.542875,0.457271,-1.015027,-2.238982,3.426356,22.559133
1.279663,-2.543887,0.453687,-1.007973,-2.236572,3.432171,22.577156
1.280115,-2.544891,0.450089,-1.000881,-2.234171,3.437950,22.595052
1.280563,-2.545888,0.446478,-0.993750,-2.231779,3.443694,22.612818
1.281008,-2.546879,0.442855,-0.986582,-2.229396,3.449402,22.630455
1.281449,-2.547862,0.439219,-0.979376,-2.227022,3.455075,22.647963
1.281887,-2.548837,0.435570,-0.972132,-2.224657,3.460710,22.665340
1.282320,-2.549806,0.431909,-0.964852,-2.222302,3.466309,22.682587
1.282750,-2.550767,0.428236,-0.957534,-2.219957,3.471871,22.699704
1.283177,-2.551721,0.424550,-0.950181,-2.217623,3.477396,22.716689
1.283599,-2.552667,0.420853,-0.942790,-2.215299,3.482883,22.733543
1.284018,-2.553606,0.417143,-0.935364,-2.212986,3.488333,22.750264
1.284434,-2.554538,0.413421,-0.927903,-2.210684,3.493744,22.766854
1.284845,-2.555462,0.409688,-0.920406,-2.208394,3.499118,22.783310
1.285253,-2.556379,0.405943,-0.912874,-2.206115,3.504452,22.799634
1.285657,-2.557288,0.402186,-0.905307,-2.203848,3.509748,22.815824
1.286057,-2.558190,0.398418,-0.897706,-2.201593,3.515005,22.831879
1.286454,-2.559083,0.394638,-0.890071,-2.199350,3.520222,22.847801
1.286847,-2.559970,0.390848,-0.882402,-2.197120,3.525399,22.863587
1.287236,-2.560848,0.387046,-0.874699,-2.194903,3.530537,22.879239
1.287621,-2.561719,0.383233,-0.866964,-2.192700,3.535634,22.894754
1.288002,-2.562582,0.379409,-0.859195,-2.190509,3.540692,22.910134
1.288380,-2.563437,0.375575,-0.851394,-2.188332,3.545708,22.925377
1.288753,-2.564285,0.371730,-0.843560,-2.186169,3.550683,22.940483
1.289123,-2.565125,0.367874,-0.835695,-2.184020,3.555617,22.955452
1.289489,-2.565956,0.364008,-0.827798,-2.181886,3.560510,22.970283
1.289851,-2.566780,0.360131,-0.819869,-2.179766,3.565361,22.984976
1.290209,-2.567596,0.356245,-0.811910,-2.177661,3.570170,22.999530
1.290564,-2.568404,0.352348,-0.803919,-2.175571,3.574937,23.013945
1.290914,-2.569204,0.348442,-0.795899,-2.173496,3.579661,23.028221
1.291260,-2.569996,0.344525,-0.787848,-2.171436,3.584343,23.042357
1.291603,-2.570779,0.340599,-0.779767,-2.169393,3.588982,23.056353
1.291942,-2.571555,0.336663,-0.771657,-2.167365,3.593577,23.070208
1.292276,-2.572323,0.332718,-0.763518,-2.165354,3.598129,23.083922
1.292607,-2.573082,0.328764,-0.755349,-2.163358,3.602638,23.097495
1.292934,-2.573833,0.324800,-0.747152,-2.161380,3.607102,23.110926
1.293257,-2.574576,0.320827,-0.738927,-2.159418,3.611522,23.124214
1.293575,-2.575311,0.316845,-0.730674,-2.157473,3.615898,23.137360
1.293890,-2.576038,0.312855,-0.722393,-2.155546,3.620229,23.150363
1.294201,-2.576756,0.308855,-0.714085,-2.153636,3.624516,23.163222
1.294508,-2.577466,0.304847,-0.705750,-2.151744,3.628757,23.175937
1.294811,-2.578168,0.300831,-0.697388,-2.149869,3.632953,23.188508
1.295110,-2.578861,0.296806,-0.689000,-2.148013,3.637104,23.200934
1.295404,-2.579546,0.292773,-0.680586,-2.146174,3.641208,23.213216
1.295695,-2.580222,0.288732,-0.672146,-2.144355,3.645267,23.225351
1.295982,-2.580890,0.284682,-0.663680,-2.142554,3.649279,23.237341
1.296265,-2.581549,0.280625,-0.655190,-2.140771,3.653245,23.249185
1.296543,-2.582200,0.276561,-0.646675,-2.139008,3.657165,23.260882
1.296818,-2.582843,0.272488,-0.638135,-2.137264,3.661037,23.272432
1.297088,-2.583476,0.268408,-0.629571,-2.135539,3.664863,23.283834
1.297355,-2.584102,0.264321,-0.620983,-2.133834,3.668641,23.295089
1.297617,-2.584718,0.260227,-0.612372,-2.132149,3.672372,23.306196
1.297875,-2.585326,0.256125,-0.603737,-2.130484,3.676055,23.317154
1.298129,-2.585926,0.252017,-0.595080,-2.128839,3.679690,23.327963
1.298379,-2.586517,0.247901,-0.586400,-2.127214,3.683277,23.338623
1.298625,-2.587099,0.243779,-0.577698,-2.125610,3.686816,23.349133
1.298867,-2.587672,0.239650,-0.568974,-2.124026,3.690306,23.359494
1.299104,-2.588237,0.235515,-0.560228,-2.122463,3.693748,23.369704
1.299338,-2.588792,0.231374,-0.551462,-2.120921,3.697141,23.379763
1.299567,-2.589340,0.227226,-0.542674,-2.119400,3.700484,23.389672
1.299792,-2.589878,0.223072,-0.533865,-2.117901,3.703779,23.399429
1.300013,-2.590407,0.218912,-0.525037,-2.116423,3.707024,23.409034
1.300230,-2.590928,0.214747,-0.516188,-2.114967,3.710219,23.418487
1.300443,-2.591440,0.210576,-0.507320,-2.113532,3.713365,23.427788
1.300651,-2.591942,0.206399,-0.498433,-2.112120,3.716461,23.436937
1.300855,-2.592436,0.202217,-0.489526,-2.110729,3.719506,23.445932
1.301055,-2.592922,0.198029,-0.480601,-2.109361,3.722501,23.454774
1.301251,-2.593398,0.193836,-0.471658,-2.108015,3.725446,23.463462
1.301443,-2.593865,0.189639,-0.462697,-2.106692,3.728340,23.471996
1.301631,-2.594323,0.185436,-0.453718,-2.105391,3.731184,23.480377
1.301814,-2.594772,0.181229,-0.444721,-2.104113,3.733976,23.488602
1.301993,-2.595212,0.177017,-0.435708,-2.102858,3.736717,23.496673
1.302168,-2.595644,0.172800,-0.426678,-2.101626,3.739407,23.504588
1.302339,-2.596066,0.168579,-0.417632,-2.100417,3.742046,23.512348
1.302505,-2.596479,0.164354,-0.408570,-2.099232,3.744632,23.519953
1.302667,-2.596883,0.160125,-0.399492,-2.098070,3.747167,23.527401
1.302825,-2.597278,0.155892,-0.390399,-2.096932,3.749651,23.534693
1.302979,-2.597664,0.151655,-0.381291,-2.095817,3.752082,23.541829
1.303129,-2.598040,0.147414,-0.372169,-2.094726,3.754461,23.548807
1.303274,-2.598408,0.143169,-0.363032,-2.093659,3.756788,23.555629
1.303415,-2.598767,0.138922,-0.353881,-2.092616,3.759062,23.562293
1.303552,-2.599116,0.134670,-0.344716,-2.091597,3.761283,23.568800
1.303684,-2.599456,0.130416,-0.335538,-2.090603,3.763452,23.575149
1.303813,-2.599787,0.126159,-0.326348,-2.089633,3.765569,23.581340
1.303937,-2.600109,0.121898,-0.317144,-2.088687,3.767632,23.587372
1.304056,-2.600421,0.117635,-0.307928,-2.087766,3.769642,23.593246
1.304172,-2.600724,0.113370,-0.298701,-2.086870,3.771599,23.598962
1.304283,-2.601019,0.109101,-0.289462,-2.085998,3.773502,23.604518
1.304390,-2.601303,0.104831,-0.280211,-2.085151,3.775352,23.609915
1.304493,-2.601579,0.100558,-0.270950,-2.084329,3.777149,23.615153
1.304591,-2.601845,0.096283,-0.261678,-2.083532,3.778892,23.620231
1.304685,-2.602102,0.092006,-0.252395,-2.082760,3.780581,23.625150
1.304775,-2.602350,0.087727,-0.243103,-2.082014,3.782216,23.629908
1.304861,-2.602589,0.083447,-0.233802,-2.081292,3.783797,23.634506
1.304942,-2.602818,0.079165,-0.224491,-2.080596,3.785324,23.638944
1.305019,-2.603038,0.074881,-0.215171,-2.079926,3.786798,23.643221
1.305092,-2.603248,0.070597,-0.205843,-2.079280,3.788216,23.647338
1.305160,-2.603449,0.066311,-0.196506,-2.078661,3.789581,23.651294
1.305225,-2.603641,0.062024,-0.187162,-2.078067,3.790891,23.655089
1.305284,-2.603824,0.057736,-0.177810,-2.077499,3.792146,23.658722
1.305340,-2.603997,0.053447,-0.168451,-2.076956,3.793348,23.662195
1.305391,-2.604160,0.049158,-0.159085,-2.076439,3.794494,23.665505
1.305438,-2.604315,0.044868,-0.149712,-2.075948,3.795585,23.668655
1.305481,-2.604460,0.040578,-0.140334,-2.075483,3.796622,23.671642
1.305520,-2.604595,0.036287,-0.130950,-2.075044,3.797604,23.674468
1.305554,-2.604722,0.031997,-0.121560,-2.074631,3.798531,23.677131
1.305584,-2.604839,0.027706,-0.112165,-2.074244,3.799403,23.679633
1.305609,-2.604946,0.023416,-0.102765,-2.073883,3.800220,23.681972
1.305630,-2.605044,0.019126,-0.093361,-2.073548,3.800982,23.684150
1.305647,-2.605133,0.014837,-0.083953,-2.073240,3.801689,23.686164
1.305660,-2.605212,0.010548,-0.074541,-2.072957,3.802341,23.688017
1.305668,-2.605282,0.006260,-0.065126,-2.072701,3.802937,23.689706
1.305673,-2.605342,0.001972,-0.055708,-2.072471,3.803478,23.691233
1.305672,-2.605393,-0.002314,-0.046287,-2.072267,3.803964,23.692598
1.305668,-2.605435,-0.006600,-0.036863,-2.072090,3.804394,23.693799
1.305659,-2.605467,-0.010884,-0.027438,-2.071939,3.804769,23.694838
1.305646,-2.605490,-0.015166,-0.018011,-2.071814,3.805088,23.695714
1.305629,-2.605503,-0.019447,-0.008583,-2.071716,3.805352,23.696427
1.305607,-2.605507,-0.023727,0.000847,-2.071644,3.805561,23.696977
1.305581,-2.605501,-0.028005,0.010277,-2.071598,3.805714,23.697364
1.305551,-2.605486,-0.032280,0.019707,-2.071578,3.805811,23.697588
1.305517,-2.605462,-0.036554,0.029137,-2.071585,3.805853,23.697649
1.305478,-2.605428,-0.040826,0.038567,-2.071619,3.805840,23.697547
1.305435,-2.605385,-0.045095,0.047996,-2.071679,3.805770,23.697282
1.305388,-2.605332,-0.049362,0.057423,-2.071765,3.805646,23.696853
1.305336,-2.605270,-0.053626,0.066850,-2.071877,3.805465,23.696262
1.305281,-2.605198,-0.057887,0.076274,-2.072016,3.805230,23.695507
1.305221,-2.605117,-0.062146,0.085697,-2.072181,3.804938,23.694590
1.305156,-2.605027,-0.066402,0.095117,-2.072372,3.804591,23.693510
1.305088,-2.604927,-0.070654,0.104534,-2.072590,3.804189,23.692266
1.305015,-2.604818,-0.074903,0.113948,-2.072834,3.803730,23.690860
1.304938,-2.604699,-0.079149,0.123359,-2.073104,3.803217,23.689290
1.304857,-2.604571,-0.083391,0.132765,-2.073401,3.802648,23.687558
1.304771,-2.604434,-0.087630,0.142168,-2.073724,3.802023,23.685663
1.304682,-2.604287,-0.091865,0.151565,-2.074072,3.801343,23.683605
1.304588,-2.604131,-0.096096,0.160958,-2.074447,3.800608,23.681385
1.304489,-2.603965,-0.100323,0.170346,-2.074848,3.799817,23.679002
1.304387,-2.603790,-0.104545,0.179728,-2.075275,3.798970,23.676456
1.304280,-2.603605,-0.108764,0.189104,-2.075728,3.798069,23.673748
1.304169,-2.603412,-0.112978,0.198474,-2.076207,3.797112,23.670878
1.304054,-2.603209,-0.117187,0.207838,-2.076712,3.796100,23.667845
1.303935,-2.602996,-0.121392,0.217194,-2.077243,3.795032,23.664651
1.303811,-2.602774,-0.126550,0.226580,-2.072959,3.793724,23.631261
1.303682,-2.602543,-0.131762,0.235929,-2.068309,3.792502,23.612081
1.303548,-2.602302,-0.136950,0.245238,-2.063678,3.791390,23.594775
1.303408,-2.602052,-0.142115,0.254507,-2.059063,3.790381,23.578030
1.303263,-2.601793,-0.147257,0.263739,-2.054462,3.789470,23.561813
1.303114,-2.601525,-0.152378,0.272934,-2.049873,3.788654,23.546097
1.302959,-2.601247,-0.157477,0.282093,-2.045294,3.787926,23.530851
1.302799,-2.600961,-0.162556,0.291217,-2.040722,3.787283,23.516051
1.302633,-2.600665,-0.167614,0.300309,-2.036156,3.786720,23.501669
1.302463,-2.600360,-0.172653,0.309367,-2.031593,3.786232,23.487680
1.302288,-2.600046,-0.177673,0.318394,-2.027032,3.785817,23.474062
1.302108,-2.599723,-0.182674,0.327391,-2.022472,3.785470,23.460790
1.301923,-2.599392,-0.187656,0.336357,-2.017910,3.785187,23.447844
1.301733,-2.599051,-0.192621,0.345294,-2.013345,3.784965,23.435202
1.301538,-2.598701,-0.197568,0.354203,-2.008776,3.784800,23.422844
1.301338,-2.598342,-0.202498,0.363083,-2.004202,3.784689,23.410750
1.301133,-2.597975,-0.207411,0.371937,-1.999620,3.784629,23.398903
1.300923,-2.597598,-0.212308,0.380764,-1.995030,3.784616,23.387285
1.300708,-2.597213,-0.217188,0.389565,-1.990431,3.784649,23.375878
1.300488,-2.596819,-0.222052,0.398340,-1.985822,3.784723,23.364667
1.300264,-2.596417,-0.226900,0.407090,-1.981201,3.784837,23.353635
1.300035,-2.596005,-0.231733,0.415816,-1.976568,3.784987,23.342769
1.299800,-2.595585,-0.236550,0.424517,-1.971922,3.785171,23.332053
1.299562,-2.595156,-0.241352,0.433194,-1.967262,3.785388,23.321475
1.299318,-2.594719,-0.246138,0.441847,-1.962586,3.785633,23.311021
1.299069,-2.594272,-0.250910,0.450477,-1.957895,3.785906,23.300680
1.298816,-2.593818,-0.255667,0.459084,-1.953188,3.786204,23.290438
1.298558,-2.593354,-0.260408,0.467668,-1.948464,3.786525,23.280284
1.298295,-2.592882,-0.265136,0.476229,-1.943723,3.786867,23.270209
1.298028,-2.592402,-0.269848,0.484768,-1.938963,3.787228,23.260201
1.297755,-2.591913,-0.274546,0.493284,-1.934185,3.787607,23.250250
1.297479,-2.591415,-0.279230,0.501779,-1.929387,3.788001,23.240348
1.297197,-2.590909,-0.283899,0.510251,-1.924570,3.788409,23.230484
1.296911,-2.590395,-0.288554,0.518701,-1.919733,3.788829,23.220651
1.296620,-2.589872,-0.293194,0.527130,-1.914876,3.789261,23.210840
1.296324,-2.589341,-0.297820,0.535536,-1.909999,3.789701,23.201043
1.296024,-2.588801,-0.302432,0.543921,-1.905100,3.790149,23.191253
1.295720,-2.588253,-0.307029,0.552284,-1.900181,3.790603,23.181462
1.295410,-2.587696,-0.311612,0.560626,-1.895240,3.791063,23.171665
1.295096,-2.587132,-0.316181,0.568945,-1.890277,3.791526,23.161854
1.294778,-2.586558,-0.320735,0.577243,-1.885292,3.791992,23.152023
1.294455,-2.585977,-0.325275,0.585519,-1.880286,3.792460,23.142166
1.294127,-2.585387,-0.329800,0.593773,-1.875258,3.792927,23.132278
1.293795,-2.584790,-0.334311,0.602005,-1.870207,3.793394,23.122353
1.293459,-2.584183,-0.338807,0.610216,-1.865134,3.793859,23.112387
1.293118,-2.583569,-0.343288,0.618404,-1.860039,3.794321,23.102374
1.292772,-2.582947,-0.347755,0.626570,-1.854922,3.794779,23.092310
1.292422,-2.582316,-0.352207,0.634713,-1.849782,3.795232,23.082190
1.292068,-2.581677,-0.356644,0.642834,-1.844620,3.795680,23.072011
1.291709,-2.581030,-0.361066,0.650933,-1.839435,3.796121,23.061769
1.291346,-2.580375,-0.365473,0.659009,-1.834228,3.796555,23.051459
1.290978,-2.579712,-0.369865,0.667062,-1.828999,3.796980,23.041078
1.290606,-2.579041,-0.374242,0.675093,-1.823748,3.797397,23.030623
1.290229,-2.578362,-0.378603,0.683100,-1.818474,3.797804,23.020091
1.289849,-2.577675,-0.382949,0.691083,-1.813179,3.798200,23.009479
1.289464,-2.576980,-0.387280,0.699044,-1.807861,3.798586,22.998783
1.289074,-2.576277,-0.391595,0.706980,-1.802522,3.798959,22.988002
1.288680,-2.575566,-0.395894,0.714893,-1.797161,3.799321,22.977132
1.288282,-2.574847,-0.400177,0.722782,-1.791778,3.799669,22.966172
1.287880,-2.574120,-0.404445,0.730646,-1.786374,3.800003,22.955119
1.287473,-2.573386,-0.408696,0.738486,-1.780949,3.800324,22.943970
1.287063,-2.572644,-0.412931,0.746301,-1.775503,3.800630,22.932725
1.286648,-2.571893,-0.417150,0.754092,-1.770035,3.800921,22.921380
1.286228,-2.571135,-0.421352,0.761857,-1.764547,3.801195,22.909935
1.285805,-2.570370,-0.425538,0.769597,-1.759039,3.801454,22.898388
1.285377,-2.569596,-0.429708,0.777311,-1.753510,3.801696,22.886736
1.284946,-2.568815,-0.433860,0.785000,-1.747961,3.801921,22.874980
1.284510,-2.568026,-0.437996,0.792663,-1.742392,3.802129,22.863116
1.284070,-2.567230,-0.442114,0.800299,-1.736804,3.802318,22.851145
1.283625,-2.566426,-0.446216,0.807909,-1.731196,3.802489,22.839064
1.283177,-2.565614,-0.450300,0.815492,-1.725568,3.802642,22.826873
1.282725,-2.564795,-0.454367,0.823048,-1.719922,3.802775,22.814571
1.282268,-2.563968,-0.458416,0.830577,-1.714257,3.802889,22.802157
1.281808,-2.563133,-0.462447,0.838079,-1.708574,3.802983,22.789630
1.281343,-2.562292,-0.466461,0.845553,-1.702873,3.803057,22.776989
1.280875,-2.561442,-0.470456,0.852998,-1.697153,3.803111,22.764234
1.280403,-2.560586,-0.474434,0.860416,-1.691416,3.803143,22.751364
1.279926,-2.559722,-0.478394,0.867805,-1.685661,3.803155,22.738378
1.279446,-2.558850,-0.482335,0.875165,-1.679889,3.803146,22.725275
1.278962,-2.557971,-0.486257,0.882496,-1.674100,3.803114,22.712056
1.278473,-2.557085,-0.490161,0.889798,-1.668295,3.803061,22.698720
1.277981,-2.556192,-0.494047,0.897070,-1.662473,3.802986,22.685267
1.277485,-2.555291,-0.497913,0.904313,-1.656635,3.802889,22.671695
1.276985,-2.554383,-0.501760,0.911525,-1.650782,3.802769,22.658006
1.276482,-2.553468,-0.505589,0.918707,-1.644913,3.802627,22.644198
1.275974,-2.552546,-0.509398,0.925859,-1.639028,3.802461,22.630272
1.275463,-2.551616,-0.513187,0.932979,-1.633129,3.802272,22.616228
1.274948,-2.550680,-0.516957,0.940069,-1.627215,3.802060,22.602064
1.274429,-2.549736,-0.520708,0.947127,-1.621286,3.801824,22.587783
1.273906,-2.548785,-0.524438,0.954153,-1.615343,3.801565,22.573382
1.273380,-2.547828,-0.528149,0.961147,-1.609387,3.801282,22.558863
1.272850,-2.546863,-0.531840,0.968109,-1.603417,3.800974,22.544225
1.272316,-2.545892,-0.535510,0.975039,-1.597434,3.800643,22.529468
1.271779,-2.544913,-0.539161,0.981936,-1.591438,3.800287,22.514593
1.271238,-2.543928,-0.542790,0.988799,-1.585429,3.799907,22.499600
1.270694,-2.542936,-0.546400,0.995630,-1.579407,3.799502,22.484489
1.270145,-2.541937,-0.549988,1.002427,-1.573374,3.799072,22.469260
1.269594,-2.540931,-0.553556,1.009190,-1.567329,3.798617,22.453913
1.269038,-2.539918,-0.557103,1.015919,-1.561272,3.798138,22.438449
1.268479,-2.538899,-0.560628,1.022613,-1.555204,3.797633,22.422867
1.267917,-2.537873,-0.564133,1.029273,-1.549125,3.797104,22.407169
1.267351,-2.536840,-0.567616,1.035898,-1.543036,3.796549,22.391355
1.266782,-2.535801,-0.571078,1.042487,-1.536936,3.795969,22.375424
1.266209,-2.534755,-0.574518,1.049041,-1.530826,3.795363,22.359377
1.265633,-2.533703,-0.577937,1.055560,-1.524706,3.794732,22.343215
1.265053,-2.532644,-0.581333,1.062042,-1.518576,3.794075,22.326939
1.264470,-2.531579,-0.584708,1.068488,-1.512438,3.793393,22.310547
1.263884,-2.530507,-0.588061,1.074898,-1.506290,3.792685,22.294042
1.263294,-2.529429,-0.591392,1.081271,-1.500133,3.791951,22.277422
1.262701,-2.528345,-0.594700,1.087607,-1.493969,3.791191,22.260690
1.262105,-2.527254,-0.597986,1.093905,-1.487796,3.790406,22.243845
1.261505,-2.526157,-0.601249,1.100166,-1.481615,3.789595,22.226888
1.260902,-2.525054,-0.604490,1.106389,-1.475426,3.788757,22.209820
1.260296,-2.523944,-0.607708,1.112573,-1.469230,3.787894,22.192640
1.259687,-2.522829,-0.610903,1.118720,-1.463028,3.787005,22.175350
1.259074,-2.521707,-0.614076,1.124828,-1.456818,3.786090,22.157949
1.258459,-2.520579,-0.617225,1.130897,-1.450602,3.785149,22.140440
1.257840,-2.519445,-0.620351,1.136926,-1.444380,3.784182,22.122822
1.257218,-2.518305,-0.623454,1.142917,-1.438151,3.783189,22.105095
1.256593,-2.517159,-0.626533,1.148867,-1.431917,3.782170,22.087261
1.255965,-2.516007,-0.629589,1.154778,-1.425678,3.781125,22.069320
1.255334,-2.514850,-0.632621,1.160648,-1.419433,3.780054,22.051273
1.254700,-2.513686,-0.635629,1.166479,-1.413183,3.778957,22.033120
1.254063,-2.512517,-0.638614,1.172268,-1.406929,3.777834,22.014863
1.253422,-2.511342,-0.641574,1.178016,-1.400670,3.776685,21.996501
1.252779,-2.510161,-0.644511,1.183724,-1.394407,3.775510,21.978035
1.252133,-2.508974,-0.647423,1.189389,-1.388140,3.774309,21.959467
1.251485,-2.507782,-0.650311,1.195014,-1.381870,3.773082,21.940796
1.250833,-2.506584,-0.653175,1.200596,-1.375596,3.771830,21.922024
1.250178,-2.505381,-0.656015,1.206136,-1.369319,3.770551,21.903151
1.249521,-2.504172,-0.658829,1.211633,-1.363039,3.769247,21.884178
1.248861,-2.502958,-0.661619,1.217088,-1.356756,3.767917,21.865106
1.248198,-2.501738,-0.664385,1.222500,-1.350471,3.766561,21.845935
1.247532,-2.500513,-0.667125,1.227869,-1.344184,3.765180,21.826667
1.246863,-2.499282,-0.669841,1.233195,-1.337895,3.763773,21.807301
1.246192,-2.498046,-0.672531,1.238476,-1.331604,3.762340,21.787840
1.245518,-2.496805,-0.675197,1.243714,-1.325311,3.760882,21.768283
1.244842,-2.495559,-0.677837,1.248908,-1.319018,3.759399,21.748631
1.244163,-2.494307,-0.680451,1.254058,-1.312723,3.757890,21.728885
1.243481,-2.493051,-0.683041,1.259163,-1.306428,3.756356,21.709046
1.242797,-2.491789,-0.685605,1.264223,-1.300132,3.754797,21.689115
1.242110,-2.490522,-0.688143,1.269238,-1.293836,3.753213,21.669092
1.241420,-2.489251,-0.690655,1.274208,-1.287540,3.751604,21.648979
1.240728,-2.487974,-0.693142,1.279132,-1.281244,3.749969,21.628776
1.240034,-2.486692,-0.695603,1.284011,-1.274948,3.748310,21.608484
1.239337,-2.485406,-0.698037,1.288843,-1.268653,3.746626,21.588104
1.238638,-2.484115,-0.700446,1.293630,-1.262358,3.744917,21.567637
1.237936,-2.482819,-0.702829,1.298370,-1.256065,3.743184,21.547083
1.237232,-2.481518,-0.705185,1.303063,-1.249773,3.741426,21.526443
1.236526,-2.480213,-0.707515,1.307710,-1.243483,3.739644,21.505719
1.235817,-2.478903,-0.709819,1.312309,-1.237194,3.737838,21.484911
1.235106,-2.477588,-0.712096,1.316862,-1.230907,3.736007,21.464020
1.234393,-2.476269,-0.714347,1.321367,-1.224622,3.734152,21.443047
1.233678,-2.474945,-0.716571,1.325824,-1.218340,3.732274,21.421993
1.232960,-2.473617,-0.718768,1.330233,-1.212060,3.730371,21.400859
1.232240,-2.472285,-0.720938,1.334594,-1.205782,3.728445,21.379645
1.231518,-2.470948,-0.723082,1.338907,-1.199508,3.726495,21.358352
1.230794,-2.469607,-0.725198,1.343171,-1.193237,3.724522,21.336982
1.230068,-2.468262,-0.727288,1.347386,-1.186969,3.722525,21.315535
1.229339,-2.466912,-0.729350,1.351553,-1.180705,3.720505,21.294013
1.228609,-2.465559,-0.731385,1.355670,-1.174445,3.718462,21.272415
1.227877,-2.464201,-0.733393,1.359738,-1.168188,3.716395,21.250744
1.227142,-2.462839,-0.735374,1.363756,-1.161936,3.714306,21.229000
1.226406,-2.461474,-0.737327,1.367725,-1.155688,3.712195,21.207183
1.225668,-2.460104,-0.739253,1.371643,-1.149445,3.710060,21.185296
1.224927,-2.458730,-0.741151,1.375512,-1.143206,3.707904,21.163338
1.224185,-2.457353,-0.743021,1.379330,-1.136972,3.705724,21.141311
1.223441,-2.455972,-0.744864,1.383097,-1.130744,3.703523,21.119216
1.222696,-2.454587,-0.746678,1.386814,-1.124520,3.701300,21.097053
1.221948,-2.453198,-0.748465,1.390480,-1.118302,3.699055,21.074824
1.221199,-2.451806,-0.750225,1.394095,-1.112090,3.696788,21.052530
1.220448,-2.450410,-0.751956,1.397658,-1.105884,3.694500,21.030171
1.219695,-2.449010,-0.753659,1.401170,-1.099684,3.692190,21.007749
1.218940,-2.447608,-0.755334,1.404630,-1.093490,3.689859,20.985265
1.218184,-2.446201,-0.756980,1.408039,-1.087302,3.687507,20.962718
1.217426,-2.444792,-0.758599,1.411395,-1.081121,3.685134,20.940112
1.216667,-2.443378,-0.760189,1.414699,-1.074947,3.682741,20.917446
1.215906,-2.441962,-0.761751,1.417951,-1.068780,3.680326,20.894721
1.215143,-2.440543,-0.763284,1.421150,-1.062620,3.677892,20.871939
1.214379,-2.439120,-0.764789,1.424296,-1.056467,3.675437,20.849100
1.213614,-2.437694,-0.766265,1.427390,-1.050322,3.672962,20.826205
1.212847,-2.436265,-0.767712,1.430430,-1.044185,3.670467,20.803256
1.212079,-2.434833,-0.769131,1.433417,-1.038055,3.667952,20.780254
1.211309,-2.433398,-0.770521,1.436351,-1.031933,3.665418,20.757199
1.210537,-2.431961,-0.771883,1.439231,-1.025819,3.662865,20.734092
1.209765,-2.430520,-0.773215,1.442058,-1.019714,3.660292,20.710935
1.208991,-2.429076,-0.774518,1.444830,-1.013618,3.657700,20.687729
1.208216,-2.427630,-0.775793,1.447548,-1.007530,3.655089,20.664474
1.207439,-2.426181,-0.777038,1.450212,-1.001450,3.652460,20.641171
1.206662,-2.424730,-0.778255,1.452822,-0.995380,3.649813,20.617823
1.205883,-2.423276,-0.779442,1.455377,-0.989319,3.647147,20.594428
1.205103,-2.421819,-0.780600,1.457878,-0.983268,3.644463,20.570990
1.204322,-2.420360,-0.781729,1.460323,-0.977225,3.641761,20.547508
1.203540,-2.418898,-0.782828,1.462714,-0.971193,3.639041,20.523984
1.202756,-2.417435,-0.783898,1.465050,-0.965170,3.636304,20.500418
1.201972,-2.415968,-0.784939,1.467330,-0.959158,3.633549,20.476813
1.201186,-2.414500,-0.785950,1.469554,-0.953155,3.630778,20.453168
1.200400,-2.413029,-0.786932,1.471724,-0.947163,3.627989,20.429485
1.199612,-2.411557,-0.787884,1.473837,-0.941181,3.625184,20.405765
1.198824,-2.410082,-0.788807,1.475895,-0.935210,3.622362,20.382009
1.198035,-2.408605,-0.789700,1.477896,-0.929249,3.619524,20.358218
1.197245,-2.407126,-0.790563,1.479842,-0.923300,3.616670,20.334393
1.196454,-2.405645,-0.791397,1.481731,-0.917362,3.613800,20.310535
1.195662,-2.404162,-0.792200,1.483564,-0.911434,3.610914,20.286645
1.194869,-2.402678,-0.792974,1.485340,-0.905519,3.608013,20.262724
1.194076,-2.401192,-0.793718,1.487059,-0.899614,3.605096,20.238774
1.193282,-2.399704,-0.794432,1.488722,-0.893722,3.602164,20.214795
1.192487,-2.398214,-0.795117,1.490328,-0.887841,3.599218,20.190789
1.191692,-2.396723,-0.795771,1.491877,-0.881972,3.596256,20.166756
1.190896,-2.395231,-0.796395,1.493369,-0.876115,3.593280,20.142698
1.190099,-2.393737,-0.796989,1.494803,-0.870271,3.590290,20.118615
1.189302,-2.392241,-0.797553,1.496180,-0.864439,3.587286,20.094509
1.188504,-2.390744,-0.798087,1.497500,-0.858619,3.584268,20.070380
1.187706,-2.389246,-0.798591,1.498762,-0.852813,3.581236,20.046230
1.186907,-2.387747,-0.799064,1.499966,-0.847019,3.578191,20.022061
1.186107,-2.386246,-0.799508,1.501113,-0.841238,3.575133,19.997872
1.185308,-2.384745,-0.799921,1.502201,-0.835470,3.572062,19.973665
1.184508,-2.383242,-0.800303,1.503232,-0.829715,3.568978,19.949441
1.183707,-2.381738,-0.800656,1.504204,-0.823974,3.565881,19.925201
1.182906,-2.380233,-0.800978,1.505118,-0.818247,3.562772,19.900947
1.182105,-2.378728,-0.801269,1.505974,-0.812533,3.559651,19.876679
1.181304,-2.377222,-0.801530,1.506772,-0.806833,3.556518,19.852398
1.180502,-2.375714,-0.801761,1.507510,-0.801147,3.553374,19.828106
1.179700,-2.374207,-0.801961,1.508191,-0.795475,3.550218,19.803803
1.178898,-2.372698,-0.802131,1.508812,-0.789817,3.547050,19.779490
1.178096,-2.371189,-0.802270,1.509375,-0.784174,3.543872,19.755170
1.177294,-2.369679,-0.802379,1.509879,-0.778545,3.540683,19.730842
1.176491,-2.368169,-0.802457,1.510324,-0.772930,3.537483,19.706508
1.175689,-2.366659,-0.802504,1.510710,-0.767331,3.534273,19.682168
1.174886,-2.365148,-0.802521,1.511037,-0.761746,3.531053,19.657825
1.174084,-2.363637,-0.802507,1.511304,-0.756177,3.527823,19.633479
1.173281,-2.362125,-0.802462,1.511512,-0.750623,3.524583,19.609130
1.172479,-2.360614,-0.802387,1.511661,-0.745084,3.521333,19.584781
1.171677,-2.359102,-0.802281,1.511751,-0.739560,3.518075,19.560432
1.170874,-2.357590,-0.802144,1.511781,-0.734052,3.514807,19.536085
1.170072,-2.356078,-0.801977,1.511752,-0.728559,3.511531,19.511740
1.169270,-2.354567,-0.801779,1.511663,-0.723083,3.508245,19.487398
1.168469,-2.353055,-0.801550,1.511514,-0.717622,3.504952,19.463061
1.167667,-2.351544,-0.801290,1.511305,-0.712178,3.501651,19.438729
1.166866,-2.350033,-0.800999,1.511037,-0.706750,3.498341,19.414404
1.166065,-2.348522,-0.800678,1.510709,-0.701338,3.495024,19.390087
1.165265,-2.347011,-0.800326,1.510321,-0.695942,3.491699,19.365778
1.164465,-2.345501,-0.799943,1.509873,-0.690563,3.488367,19.341480
1.163665,-2.343991,-0.799529,1.509365,-0.685201,3.485029,19.317192
1.162866,-2.342482,-0.799084,1.508797,-0.679856,3.481683,19.292917
1.162067,-2.340974,-0.798608,1.508169,-0.674527,3.478331,19.268654
1.161268,-2.339466,-0.798102,1.507481,-0.669216,3.474972,19.244405
1.160471,-2.337959,-0.797564,1.506733,-0.663922,3.471607,19.220172
1.159673,-2.336453,-0.796996,1.505924,-0.658645,3.468237,19.195955
1.158877,-2.334947,-0.796397,1.505055,-0.653385,3.464861,19.171755
1.158081,-2.333443,-0.795767,1.504126,-0.648144,3.461479,19.147574
1.157285,-2.331939,-0.795106,1.503137,-0.642919,3.458092,19.123412
1.156490,-2.330436,-0.794414,1.502087,-0.637713,3.454700,19.099270
1.155696,-2.328935,-0.793691,1.500977,-0.632525,3.451303,19.075150
1.154903,-2.327434,-0.792938,1.499807,-0.627354,3.447902,19.051053
1.154110,-2.325935,-0.792153,1.498576,-0.622202,3.444496,19.026979
1.153319,-2.324437,-0.791338,1.497285,-0.617068,3.441087,19.002930
1.152528,-2.322941,-0.790491,1.495933,-0.611953,3.437673,18.978907
1.151738,-2.321445,-0.789614,1.494521,-0.606856,3.434256,18.954910
1.150949,-2.319952,-0.788706,1.493048,-0.601777,3.430835,18.930941
1.150160,-2.318459,-0.787767,1.491515,-0.596718,3.427411,18.907002
1.149373,-2.316969,-0.786798,1.489922,-0.591677,3.423984,18.883092
1.148587,-2.315480,-0.785797,1.488268,-0.586655,3.420554,18.859212
1.147801,-2.313992,-0.784766,1.486553,-0.581652,3.417122,18.835365
1.147017,-2.312506,-0.783703,1.484779,-0.576669,3.413688,18.811551
1.146234,-2.311023,-0.782610,1.482943,-0.571705,3.410251,18.787771
1.145452,-2.309541,-0.781486,1.481047,-0.566760,3.406812,18.764026
1.144671,-2.308061,-0.780332,1.479091,-0.561835,3.403372,18.740317
1.143891,-2.306582,-0.779146,1.477074,-0.556929,3.399930,18.716646
1.143113,-2.305106,-0.777930,1.474997,-0.552043,3.396487,18.693012
1.142336,-2.303633,-0.776683,1.472860,-0.547177,3.393043,18.669417
1.141559,-2.302161,-0.775406,1.470662,-0.542331,3.389599,18.645863
1.140785,-2.300691,-0.774098,1.468403,-0.537506,3.386153,18.622350
1.140011,-2.299224,-0.772759,1.466085,-0.532700,3.382707,18.598879
1.139239,-2.297759,-0.771389,1.463705,-0.527915,3.379262,18.575452
1.138469,-2.296297,-0.769989,1.461266,-0.523150,3.375816,18.552068
1.137699,-2.294837,-0.768558,1.458767,-0.518405,3.372370,18.528730
1.136931,-2.293379,-0.767097,1.456207,-0.513682,3.368925,18.505438
1.136165,-2.291924,-0.765605,1.453587,-0.508979,3.365481,18.482194
1.135400,-2.290472,-0.764083,1.450907,-0.504297,3.362037,18.458997
1.134637,-2.289022,-0.762530,1.448166,-0.499635,3.358595,18.435850
1.133875,-2.287576,-0.760946,1.445366,-0.494995,3.355154,18.412753
1.133115,-2.286132,-0.759333,1.442506,-0.490376,3.351715,18.389708
1.132357,-2.284691,-0.757689,1.439586,-0.485779,3.348277,18.366714
1.131600,-2.283253,-0.756014,1.436605,-0.481202,3.344841,18.343774
1.130845,-2.281817,-0.754309,1.433565,-0.476648,3.341408,18.320888
1.130091,-2.280385,-0.752574,1.430465,-0.472114,3.337977,18.298057
1.129339,-2.278957,-0.750809,1.427306,-0.467603,3.334548,18.275282
1.128589,-2.277531,-0.749013,1.424087,-0.463113,3.331123,18.252565
1.127841,-2.276108,-0.747188,1.420808,-0.458645,3.327700,18.229905
1.127095,-2.274689,-0.745332,1.417469,-0.454200,3.324280,18.207304
1.126351,-2.273274,-0.743446,1.414071,-0.449776,3.320864,18.184764
1.125608,-2.271861,-0.741530,1.410614,-0.445374,3.317452,18.162284
1.124868,-2.270452,-0.739584,1.407098,-0.440995,3.314043,18.139866
1.124129,-2.269047,-0.737608,1.403522,-0.436638,3.310639,18.117512
1.123392,-2.267645,-0.735603,1.399887,-0.432304,3.307239,18.095221
1.122658,-2.266247,-0.733567,1.396193,-0.427992,3.303843,18.072994
1.121925,-2.264853,-0.731502,1.392440,-0.423703,3.300452,18.050834
1.121195,-2.263462,-0.729407,1.388628,-0.419437,3.297065,18.028740
1.120467,-2.262076,-0.727282,1.384757,-0.415193,3.293684,18.006713
1.119740,-2.260693,-0.725127,1.380828,-0.410973,3.290308,17.984755
1.119016,-2.259314,-0.722943,1.376840,-0.406776,3.286937,17.962867
1.118294,-2.257939,-0.720730,1.372793,-0.402602,3.283572,17.941049
1.117575,-2.256569,-0.718487,1.368688,-0.398451,3.280213,17.919302
1.116858,-2.255202,-0.716215,1.364525,-0.394323,3.276860,17.897627
1.116142,-2.253840,-0.713913,1.360304,-0.390219,3.273513,17.876026
1.115430,-2.252481,-0.711582,1.356024,-0.386139,3.270172,17.854498
1.114719,-2.251128,-0.709222,1.351687,-0.382082,3.266838,17.833046
1.114011,-2.249778,-0.706832,1.347292,-0.378049,3.263511,17.811669
1.113306,-2.248433,-0.704414,1.342839,-0.374040,3.260191,17.790369
1.112602,-2.247092,-0.701966,1.338328,-0.370054,3.256878,17.769146
1.111902,-2.245756,-0.699490,1.333760,-0.366093,3.253572,17.748002
1.111204,-2.244425,-0.696985,1.329135,-0.362156,3.250274,17.726938
1.110508,-2.243098,-0.694451,1.324453,-0.358243,3.246984,17.705953
1.109815,-2.241776,-0.691888,1.319713,-0.354354,3.243701,17.685050
1.109124,-2.240459,-0.689296,1.314917,-0.350490,3.240427,17.664229
1.108436,-2.239146,-0.686676,1.310064,-0.346650,3.237161,17.643490
1.107751,-2.237839,-0.684028,1.305154,-0.342835,3.233903,17.622836
1.107068,-2.236536,-0.681351,1.300188,-0.339044,3.230654,17.602266
1.106388,-2.235238,-0.678646,1.295165,-0.335278,3.227414,17.581781
1.105711,-2.233946,-0.675912,1.290086,-0.331537,3.224183,17.561383
1.105036,-2.232658,-0.673150,1.284952,-0.327821,3.220961,17.541072
1.104364,-2.231376,-0.670360,1.279761,-0.324130,3.217748,17.520848
1.103695,-2.230099,-0.667543,1.274515,-0.320464,3.214545,17.500714
1.103029,-2.228827,-0.664697,1.269213,-0.316823,3.211352,17.480669
1.102366,-2.227560,-0.661823,1.263856,-0.313208,3.208168,17.460715
1.101706,-2.226299,-0.658922,1.258444,-0.309617,3.204995,17.440852
1.101048,-2.225043,-0.655993,1.252977,-0.306052,3.201832,17.421082
1.100394,-2.223793,-0.653036,1.247454,-0.302513,3.198679,17.401404
1.099742,-2.222548,-0.650052,1.241878,-0.298999,3.195537,17.381820
1.099094,-2.221309,-0.647041,1.236247,-0.295511,3.192405,17.362330
1.098448,-2.220076,-0.644002,1.230561,-0.292049,3.189285,17.342936
1.097806,-2.218848,-0.640936,1.224822,-0.288612,3.186175,17.323639
1.097166,-2.217626,-0.637843,1.219028,-0.285201,3.183077,17.304438
1.096530,-2.216410,-0.634723,1.213181,-0.281817,3.179990,17.285334
1.095897,-2.215200,-0.631577,1.207281,-0.278458,3.176915,17.266330
1.095267,-2.213996,-0.628403,1.201327,-0.275126,3.173851,17.247424
1.094640,-2.212797,-0.625203,1.195320,-0.271819,3.170799,17.228619
1.094016,-2.211605,-0.621976,1.189260,-0.268540,3.167760,17.209915
1.093396,-2.210419,-0.618723,1.183148,-0.265286,3.164732,17.191312
1.092779,-2.209239,-0.615443,1.176983,-0.262059,3.161717,17.172812
1.092165,-2.208065,-0.612138,1.170766,-0.258858,3.158715,17.154414
1.091555,-2.206897,-0.608806,1.164496,-0.255685,3.155725,17.136121
1.090948,-2.205736,-0.605448,1.158176,-0.252537,3.152748,17.117932
1.090344,-2.204581,-0.602064,1.151803,-0.249417,3.149784,17.099849
1.089744,-2.203432,-0.598654,1.145379,-0.246323,3.146833,17.081872
1.089147,-2.202290,-0.595219,1.138904,-0.243257,3.143896,17.064001
1.088553,-2.201155,-0.591759,1.132379,-0.240217,3.140972,17.046238
1.087963,-2.200026,-0.588272,1.125802,-0.237204,3.138061,17.028584
1.087377,-2.198903,-0.584761,1.119176,-0.234219,3.135164,17.011038
1.086794,-2.197787,-0.581225,1.112499,-0.231260,3.132281,16.993602
1.086214,-2.196678,-0.577663,1.105772,-0.228329,3.129412,16.976276
1.085638,-2.195576,-0.574077,1.098996,-0.225426,3.126558,16.959062
1.085066,-2.194480,-0.570465,1.092170,-0.222549,3.123717,16.941959
1.084497,-2.193391,-0.566829,1.085295,-0.219701,3.120891,16.924969
1.083932,-2.192310,-0.563169,1.078372,-0.216879,3.118080,16.908092
1.083371,-2.191235,-0.559484,1.071399,-0.214086,3.115283,16.891329
1.082813,-2.190167,-0.555775,1.064379,-0.211320,3.112502,16.874680
1.082259,-2.189106,-0.552042,1.057310,-0.208582,3.109735,16.858146
1.081709,-2.188052,-0.548285,1.050193,-0.205871,3.106983,16.841729
1.081163,-2.187006,-0.544504,1.043029,-0.203189,3.104247,16.825428
1.080620,-2.185966,-0.540700,1.035818,-0.200534,3.101526,16.809244
1.080082,-2.184934,-0.536871,1.028560,-0.197908,3.098821,16.793177
1.079547,-2.183909,-0.533020,1.021255,-0.195309,3.096132,16.777230
1.079016,-2.182892,-0.529145,1.013904,-0.192739,3.093458,16.761401
1.078488,-2.181881,-0.525247,1.006507,-0.190197,3.090800,16.745692
1.077965,-2.180879,-0.521326,0.999064,-0.187683,3.088158,16.730103
1.077446,-2.179883,-0.517383,0.991575,-0.185198,3.085533,16.714635
1.076930,-2.178895,-0.513416,0.984041,-0.182741,3.082923,16.699289
1.076419,-2.177915,-0.509427,0.976462,-0.180312,3.080330,16.684065
1.075911,-2.176942,-0.505416,0.968839,-0.177912,3.077754,16.668964
1.075408,-2.175977,-0.501383,0.961171,-0.175541,3.075195,16.653986
1.074909,-2.175020,-0.497327,0.953460,-0.173198,3.072652,16.639132
1.074413,-2.174071,-0.493250,0.945705,-0.170884,3.070126,16.624403
1.073922,-2.173129,-0.489151,0.937906,-0.168599,3.067617,16.609799
1.073435,-2.172195,-0.485030,0.930064,-0.166342,3.065126,16.595320
1.072952,-2.171269,-0.480888,0.922180,-0.164115,3.062651,16.580968
1.072473,-2.170350,-0.476725,0.914253,-0.161916,3.060195,16.566743
1.071999,-2.169440,-0.472541,0.906284,-0.159746,3.057755,16.552645
1.071528,-2.168538,-0.468335,0.898274,-0.157605,3.055333,16.538675
1.071062,-2.167644,-0.464109,0.890222,-0.155494,3.052929,16.524833
1.070600,-2.166757,-0.459863,0.882129,-0.153411,3.050543,16.511120
1.070142,-2.165879,-0.455596,0.873995,-0.151358,3.048175,16.497538
1.069689,-2.165010,-0.451309,0.865821,-0.149334,3.045825,16.484085
1.069240,-2.164148,-0.447001,0.857607,-0.147339,3.043493,16.470762
1.068795,-2.163294,-0.442674,0.849354,-0.145374,3.041179,16.457571
1.068354,-2.162449,-0.438327,0.841060,-0.143438,3.038883,16.444512
1.067918,-2.161612,-0.433961,0.832728,-0.141532,3.036607,16.431585
1.067486,-2.160784,-0.429575,0.824358,-0.139655,3.034348,16.418790
1.067059,-2.159964,-0.425170,0.815949,-0.137807,3.032109,16.406129
1.066636,-2.159152,-0.420747,0.807502,-0.135989,3.029888,16.393601
1.066218,-2.158349,-0.416304,0.799018,-0.134201,3.027686,16.381207
1.065804,-2.157554,-0.411843,0.790496,-0.132443,3.025503,16.368948
1.065394,-2.156768,-0.407363,0.781938,-0.130714,3.023339,16.356824
1.064989,-2.155990,-0.402865,0.773343,-0.129015,3.021194,16.344836
1.064588,-2.155221,-0.398349,0.764712,-0.127346,3.019068,16.332984
1.064192,-2.154461,-0.393815,0.756045,-0.125707,3.016962,16.321268
1.063801,-2.153709,-0.389263,0.747344,-0.124098,3.014875,16.309689
1.063414,-2.152966,-0.384694,0.738607,-0.122519,3.012808,16.298247
1.063031,-2.152232,-0.380108,0.729835,-0.120970,3.010760,16.286944
1.062653,-2.151506,-0.375504,0.721030,-0.119451,3.008732,16.275778
1.062280,-2.150790,-0.370884,0.712191,-0.117962,3.006724,16.264751
1.061912,-2.150082,-0.366247,0.703318,-0.116503,3.004736,16.253863
1.061548,-2.149383,-0.361593,0.694413,-0.115074,3.002767,16.243115
1.061188,-2.148693,-0.356923,0.685474,-0.113676,3.000819,16.232507
1.060834,-2.148012,-0.352237,0.676504,-0.112307,2.998891,16.222039
1.060484,-2.147340,-0.347535,0.667502,-0.110970,2.996983,16.211711
1.060139,-2.146677,-0.342817,0.658469,-0.109662,2.995095,16.201525
1.059798,-2.146023,-0.338084,0.649404,-0.108385,2.993228,16.191480
1.059463,-2.145378,-0.333336,0.640309,-0.107138,2.991381,16.181578
1.059132,-2.144742,-0.328572,0.631184,-0.105922,2.989554,16.171817
1.058806,-2.144116,-0.323794,0.622029,-0.104736,2.987748,16.162199
1.058484,-2.143498,-0.319001,0.612845,-0.103581,2.985963,16.152724
1.058168,-2.142890,-0.314193,0.603632,-0.102456,2.984198,16.143392
1.057856,-2.142291,-0.309371,0.594390,-0.101362,2.982454,16.134204
1.057549,-2.141701,-0.304535,0.585120,-0.100299,2.980732,16.125160
1.057247,-2.141121,-0.299685,0.575823,-0.099266,2.979030,16.116260
1.056949,-2.140550,-0.294822,0.566499,-0.098264,2.977348,16.107505
1.056657,-2.139988,-0.289945,0.557147,-0.097293,2.975688,16.098895
1.056370,-2.139436,-0.285055,0.547769,-0.096352,2.974050,16.090430
1.056087,-2.138892,-0.280152,0.538366,-0.095442,2.972432,16.082111
1.055809,-2.138359,-0.275236,0.528937,-0.094563,2.970835,16.073938
1.055536,-2.137835,-0.270308,0.519483,-0.093715,2.969260,16.065911
1.055269,-2.137320,-0.265367,0.510004,-0.092898,2.967706,16.058031
1.055006,-2.136815,-0.260414,0.500501,-0.092112,2.966174,16.050297
1.054748,-2.136319,-0.255450,0.490974,-0.091356,2.964663,16.042711
1.054495,-2.135833,-0.250473,0.481424,-0.090632,2.963174,16.035272
1.054247,-2.135356,-0.245486,0.471851,-0.089938,2.961706,16.027981
1.054004,-2.134889,-0.240487,0.462256,-0.089276,2.960260,16.020837
1.053766,-2.134432,-0.235477,0.452638,-0.088644,2.958835,16.013842
1.053533,-2.133984,-0.230456,0.443000,-0.088044,2.957433,16.006995
1.053305,-2.133546,-0.225425,0.433340,-0.087475,2.956052,16.000297
1.053082,-2.133117,-0.220383,0.423659,-0.086937,2.954692,15.993748
1.052864,-2.132698,-0.215332,0.413959,-0.086430,2.953355,15.987348
1.052651,-2.132289,-0.210270,0.404239,-0.085954,2.952040,15.981098
1.052444,-2.131890,-0.205199,0.394499,-0.085509,2.950747,15.974997
1.052241,-2.131500,-0.200118,0.384741,-0.085095,2.949475,15.969046
1.052043,-2.131120,-0.195029,0.374964,-0.084713,2.948226,15.963245
1.051851,-2.130750,-0.189930,0.365170,-0.084362,2.946999,15.957594
1.051664,-2.130390,-0.184823,0.355358,-0.084042,2.945794,15.952094
1.051481,-2.130040,-0.179707,0.345529,-0.083753,2.944611,15.946744
1.051304,-2.129699,-0.174583,0.335684,-0.083496,2.943450,15.941545
1.051132,-2.129368,-0.169451,0.325822,-0.083270,2.942312,15.936498
1.050965,-2.129047,-0.164311,0.315946,-0.083075,2.941196,15.931601
1.050804,-2.128736,-0.159163,0.306054,-0.082912,2.940102,15.926856
1.050647,-2.128435,-0.154009,0.296147,-0.082780,2.939030,15.922262
1.050496,-2.128144,-0.148847,0.286227,-0.082679,2.937981,15.917821
1.050349,-2.127863,-0.143678,0.276293,-0.082610,2.936955,15.913531
1.050208,-2.127591,-0.138503,0.266345,-0.082572,2.935950,15.909392
1.050072,-2.127330,-0.133322,0.256385,-0.082566,2.934969,15.905407
1.049942,-2.127079,-0.128134,0.246413,-0.082591,2.934009,15.901573
1.049816,-2.126837,-0.122941,0.236429,-0.082647,2.933073,15.897892
1.049696,-2.126606,-0.117742,0.226434,-0.082735,2.932159,15.894363
1.049581,-2.126384,-0.112537,0.216428,-0.082854,2.931267,15.890987
1.049471,-2.126173,-0.107327,0.206411,-0.083004,2.930398,15.887763
1.049366,-2.125972,-0.102113,0.196385,-0.083186,2.929552,15.884693
1.049266,-2.125780,-0.096894,0.186350,-0.083400,2.928728,15.881775
1.049172,-2.125599,-0.091670,0.176305,-0.083645,2.927927,15.879011
1.049083,-2.125428,-0.086442,0.166253,-0.083921,2.927148,15.876400
1.048999,-2.125266,-0.081210,0.156192,-0.084229,2.926393,15.873941
1.048921,-2.125115,-0.075975,0.146124,-0.084569,2.925660,15.871636
1.048847,-2.124974,-0.070736,0.136049,-0.084940,2.924949,15.869485
1.048779,-2.124843,-0.065494,0.125968,-0.085342,2.924262,15.867487
1.048716,-2.124722,-0.060249,0.115880,-0.085776,2.923597,15.865642
1.048659,-2.124611,-0.055001,0.105787,-0.086242,2.922955,15.863951
1.048606,-2.124511,-0.049750,0.095690,-0.086739,2.922336,15.862413
1.048559,-2.124420,-0.044498,0.085587,-0.087267,2.921739,15.861029
1.048517,-2.124339,-0.039243,0.075481,-0.087827,2.921165,15.859799
1.048481,-2.124269,-0.033987,0.065371,-0.088419,2.920614,15.858722
1.048449,-2.124209,-0.028729,0.055258,-0.089042,2.920086,15.857799
1.048423,-2.124158,-0.023470,0.045143,-0.089696,2.919581,15.857030
1.048402,-2.124118,-0.018210,0.035026,-0.090382,2.919098,15.856415
1.048387,-2.124088,-0.012949,0.024907,-0.091100,2.918638,15.855953
